{
    "rtCode": 0,
    "rtMsg": null,
    "content": {
        "totalSize": 81,
        "bingoQueryResult": [
            {
                "winNoOnly": true,
                "drawTerm": 113009419,
                "dDate": "2024-02-16T00:00:00",
                "bigShowOrder": [
                    "04",
                    "08",
                    "18",
                    "19",
                    "23",
                    "25",
                    "29",
                    "31",
                    "33",
                    "36",
                    "38",
                    "42",
                    "43",
                    "46",
                    "49",
                    "57",
                    "60",
                    "76",
                    "78",
                    "80"
                ],
                "openShowOrder": [
                    "18",
                    "76",
                    "46",
                    "29",
                    "36",
                    "60",
                    "25",
                    "38",
                    "78",
                    "49",
                    "80",
                    "43",
                    "33",
                    "57",
                    "23",
                    "08",
                    "42",
                    "04",
                    "31",
                    "19"
                ],
                "bullEyeTop": "19",
                "highLowTop": "－",
                "oddEvenTop": "－",
                "sellAmount": 640825,
                "totalWinners": 4237,
                "totalAmount": 363500,
                "oddEven": "－",
                "oddEvenWinners": 0,
                "oddEvenDividend": 175,
                "highLow": "－",
                "highLowWinners": 0,
                "highLowDividend": 175,
                "bullEye": "19",
                "bullEyeWinners": 6,
                "bullEyeDividend": 1200,
                "category": 0,
                "starDetails": [
                    {
                        "winners": 0,
                        "dividend": 5000000
                    },
                    {
                        "winners": 0,
                        "dividend": 250000
                    },
                    {
                        "winners": 0,
                        "dividend": 25000
                    },
                    {
                        "winners": 0,
                        "dividend": 2500
                    },
                    {
                        "winners": 7,
                        "dividend": 250
                    },
                    {
                        "winners": 24,
                        "dividend": 25
                    },
                    {
                        "winners": 11,
                        "dividend": 25
                    },
                    {
                        "winners": 0,
                        "dividend": 1000000
                    },
                    {
                        "winners": 0,
                        "dividend": 100000
                    },
                    {
                        "winners": 0,
                        "dividend": 3000
                    },
                    {
                        "winners": 1,
                        "dividend": 500
                    },
                    {
                        "winners": 17,
                        "dividend": 100
                    },
                    {
                        "winners": 60,
                        "dividend": 25
                    },
                    {
                        "winners": 32,
                        "dividend": 25
                    },
                    {
                        "winners": 0,
                        "dividend": 500000
                    },
                    {
                        "winners": 0,
                        "dividend": 20000
                    },
                    {
                        "winners": 2,
                        "dividend": 1000
                    },
                    {
                        "winners": 5,
                        "dividend": 200
                    },
                    {
                        "winners": 29,
                        "dividend": 25
                    },
                    {
                        "winners": 22,
                        "dividend": 25
                    },
                    {
                        "winners": 0,
                        "dividend": 80000
                    },
                    {
                        "winners": 0,
                        "dividend": 3000
                    },
                    {
                        "winners": 3,
                        "dividend": 300
                    },
                    {
                        "winners": 21,
                        "dividend": 50
                    },
                    {
                        "winners": 71,
                        "dividend": 25
                    },
                    {
                        "winners": 0,
                        "dividend": 50000
                    },
                    {
                        "winners": 38,
                        "dividend": 1200
                    },
                    {
                        "winners": 218,
                        "dividend": 200
                    },
                    {
                        "winners": 1111,
                        "dividend": 25
                    },
                    {
                        "winners": 2,
                        "dividend": 10000
                    },
                    {
                        "winners": 20,
                        "dividend": 600
                    },
                    {
                        "winners": 213,
                        "dividend": 50
                    },
                    {
                        "winners": 13,
                        "dividend": 2000
                    },
                    {
                        "winners": 89,
                        "dividend": 150
                    },
                    {
                        "winners": 756,
                        "dividend": 25
                    },
                    {
                        "winners": 48,
                        "dividend": 1000
                    },
                    {
                        "winners": 1042,
                        "dividend": 50
                    },
                    {
                        "winners": 4,
                        "dividend": 150
                    },
                    {
                        "winners": 106,
                        "dividend": 25
                    },
                    {
                        "winners": 266,
                        "dividend": 75
                    }
                ]
            },
            {
                "winNoOnly": true,
                "drawTerm": 113009418,
                "dDate": "2024-02-16T00:00:00",
                "bigShowOrder": [
                    "03",
                    "05",
                    "11",
                    "22",
                    "23",
                    "24",
                    "28",
                    "30",
                    "35",
                    "42",
                    "48",
                    "49",
                    "53",
                    "58",
                    "59",
                    "63",
                    "66",
                    "68",
                    "75",
                    "77"
                ],
                "openShowOrder": [
                    "28",
                    "75",
                    "24",
                    "30",
                    "68",
                    "66",
                    "05",
                    "42",
                    "59",
                    "11",
                    "49",
                    "63",
                    "22",
                    "48",
                    "03",
                    "35",
                    "53",
                    "58",
                    "23",
                    "77"
                ],
                "bullEyeTop": "77",
                "highLowTop": "－",
                "oddEvenTop": "－",
                "sellAmount": 668875,
                "totalWinners": 4805,
                "totalAmount": 432550,
                "oddEven": "－",
                "oddEvenWinners": 0,
                "oddEvenDividend": 175,
                "highLow": "－",
                "highLowWinners": 0,
                "highLowDividend": 175,
                "bullEye": "77",
                "bullEyeWinners": 18,
                "bullEyeDividend": 1200,
                "category": 0,
                "starDetails": [
                    {
                        "winners": 0,
                        "dividend": 5000000
                    },
                    {
                        "winners": 0,
                        "dividend": 250000
                    },
                    {
                        "winners": 0,
                        "dividend": 25000
                    },
                    {
                        "winners": 0,
                        "dividend": 2500
                    },
                    {
                        "winners": 2,
                        "dividend": 250
                    },
                    {
                        "winners": 166,
                        "dividend": 25
                    },
                    {
                        "winners": 8,
                        "dividend": 25
                    },
                    {
                        "winners": 0,
                        "dividend": 1000000
                    },
                    {
                        "winners": 0,
                        "dividend": 100000
                    },
                    {
                        "winners": 0,
                        "dividend": 3000
                    },
                    {
                        "winners": 2,
                        "dividend": 500
                    },
                    {
                        "winners": 8,
                        "dividend": 100
                    },
                    {
                        "winners": 43,
                        "dividend": 25
                    },
                    {
                        "winners": 28,
                        "dividend": 25
                    },
                    {
                        "winners": 0,
                        "dividend": 500000
                    },
                    {
                        "winners": 0,
                        "dividend": 20000
                    },
                    {
                        "winners": 0,
                        "dividend": 1000
                    },
                    {
                        "winners": 3,
                        "dividend": 200
                    },
                    {
                        "winners": 44,
                        "dividend": 25
                    },
                    {
                        "winners": 26,
                        "dividend": 25
                    },
                    {
                        "winners": 0,
                        "dividend": 80000
                    },
                    {
                        "winners": 0,
                        "dividend": 3000
                    },
                    {
                        "winners": 1,
                        "dividend": 300
                    },
                    {
                        "winners": 34,
                        "dividend": 50
                    },
                    {
                        "winners": 56,
                        "dividend": 25
                    },
                    {
                        "winners": 0,
                        "dividend": 50000
                    },
                    {
                        "winners": 16,
                        "dividend": 1200
                    },
                    {
                        "winners": 184,
                        "dividend": 200
                    },
                    {
                        "winners": 953,
                        "dividend": 25
                    },
                    {
                        "winners": 1,
                        "dividend": 10000
                    },
                    {
                        "winners": 29,
                        "dividend": 600
                    },
                    {
                        "winners": 184,
                        "dividend": 50
                    },
                    {
                        "winners": 3,
                        "dividend": 2000
                    },
                    {
                        "winners": 114,
                        "dividend": 150
                    },
                    {
                        "winners": 591,
                        "dividend": 25
                    },
                    {
                        "winners": 107,
                        "dividend": 1000
                    },
                    {
                        "winners": 939,
                        "dividend": 50
                    },
                    {
                        "winners": 8,
                        "dividend": 150
                    },
                    {
                        "winners": 109,
                        "dividend": 25
                    },
                    {
                        "winners": 1128,
                        "dividend": 75
                    }
                ]
            },
            {
                "winNoOnly": true,
                "drawTerm": 113009417,
                "dDate": "2024-02-16T00:00:00",
                "bigShowOrder": [
                    "01",
                    "04",
                    "08",
                    "11",
                    "17",
                    "21",
                    "23",
                    "34",
                    "36",
                    "40",
                    "42",
                    "45",
                    "47",
                    "51",
                    "56",
                    "67",
                    "68",
                    "72",
                    "73",
                    "78"
                ],
                "openShowOrder": [
                    "72",
                    "42",
                    "40",
                    "36",
                    "51",
                    "01",
                    "78",
                    "21",
                    "17",
                    "04",
                    "73",
                    "47",
                    "34",
                    "23",
                    "11",
                    "56",
                    "68",
                    "67",
                    "45",
                    "08"
                ],
                "bullEyeTop": "08",
                "highLowTop": "－",
                "oddEvenTop": "－",
                "sellAmount": 673875,
                "totalWinners": 3989,
                "totalAmount": 340225,
                "oddEven": "－",
                "oddEvenWinners": 0,
                "oddEvenDividend": 175,
                "highLow": "－",
                "highLowWinners": 0,
                "highLowDividend": 175,
                "bullEye": "08",
                "bullEyeWinners": 22,
                "bullEyeDividend": 1200,
                "category": 0,
                "starDetails": [
                    {
                        "winners": 0,
                        "dividend": 5000000
                    },
                    {
                        "winners": 0,
                        "dividend": 250000
                    },
                    {
                        "winners": 0,
                        "dividend": 25000
                    },
                    {
                        "winners": 0,
                        "dividend": 2500
                    },
                    {
                        "winners": 0,
                        "dividend": 250
                    },
                    {
                        "winners": 8,
                        "dividend": 25
                    },
                    {
                        "winners": 18,
                        "dividend": 25
                    },
                    {
                        "winners": 0,
                        "dividend": 1000000
                    },
                    {
                        "winners": 0,
                        "dividend": 100000
                    },
                    {
                        "winners": 0,
                        "dividend": 3000
                    },
                    {
                        "winners": 0,
                        "dividend": 500
                    },
                    {
                        "winners": 9,
                        "dividend": 100
                    },
                    {
                        "winners": 37,
                        "dividend": 25
                    },
                    {
                        "winners": 13,
                        "dividend": 25
                    },
                    {
                        "winners": 0,
                        "dividend": 500000
                    },
                    {
                        "winners": 2,
                        "dividend": 20000
                    },
                    {
                        "winners": 1,
                        "dividend": 1000
                    },
                    {
                        "winners": 3,
                        "dividend": 200
                    },
                    {
                        "winners": 22,
                        "dividend": 25
                    },
                    {
                        "winners": 21,
                        "dividend": 25
                    },
                    {
                        "winners": 0,
                        "dividend": 80000
                    },
                    {
                        "winners": 0,
                        "dividend": 3000
                    },
                    {
                        "winners": 1,
                        "dividend": 300
                    },
                    {
                        "winners": 13,
                        "dividend": 50
                    },
                    {
                        "winners": 52,
                        "dividend": 25
                    },
                    {
                        "winners": 0,
                        "dividend": 50000
                    },
                    {
                        "winners": 5,
                        "dividend": 1200
                    },
                    {
                        "winners": 133,
                        "dividend": 200
                    },
                    {
                        "winners": 908,
                        "dividend": 25
                    },
                    {
                        "winners": 1,
                        "dividend": 10000
                    },
                    {
                        "winners": 29,
                        "dividend": 600
                    },
                    {
                        "winners": 207,
                        "dividend": 50
                    },
                    {
                        "winners": 4,
                        "dividend": 2000
                    },
                    {
                        "winners": 136,
                        "dividend": 150
                    },
                    {
                        "winners": 707,
                        "dividend": 25
                    },
                    {
                        "winners": 41,
                        "dividend": 1000
                    },
                    {
                        "winners": 1202,
                        "dividend": 50
                    },
                    {
                        "winners": 13,
                        "dividend": 150
                    },
                    {
                        "winners": 93,
                        "dividend": 25
                    },
                    {
                        "winners": 288,
                        "dividend": 75
                    }
                ]
            },
            {
                "winNoOnly": true,
                "drawTerm": 113009416,
                "dDate": "2024-02-16T00:00:00",
                "bigShowOrder": [
                    "08",
                    "09",
                    "10",
                    "14",
                    "15",
                    "17",
                    "23",
                    "24",
                    "25",
                    "28",
                    "31",
                    "32",
                    "33",
                    "35",
                    "46",
                    "51",
                    "57",
                    "61",
                    "62",
                    "65"
                ],
                "openShowOrder": [
                    "62",
                    "31",
                    "35",
                    "09",
                    "51",
                    "24",
                    "08",
                    "10",
                    "61",
                    "33",
                    "15",
                    "65",
                    "14",
                    "17",
                    "46",
                    "32",
                    "57",
                    "25",
                    "28",
                    "23"
                ],
                "bullEyeTop": "23",
                "highLowTop": "小",
                "oddEvenTop": "－",
                "sellAmount": 688225,
                "totalWinners": 6003,
                "totalAmount": 806825,
                "oddEven": "－",
                "oddEvenWinners": 0,
                "oddEvenDividend": 175,
                "highLow": "小",
                "highLowWinners": 1200,
                "highLowDividend": 175,
                "bullEye": "23",
                "bullEyeWinners": 12,
                "bullEyeDividend": 1200,
                "category": 0,
                "starDetails": [
                    {
                        "winners": 0,
                        "dividend": 5000000
                    },
                    {
                        "winners": 0,
                        "dividend": 250000
                    },
                    {
                        "winners": 0,
                        "dividend": 25000
                    },
                    {
                        "winners": 0,
                        "dividend": 2500
                    },
                    {
                        "winners": 4,
                        "dividend": 250
                    },
                    {
                        "winners": 26,
                        "dividend": 25
                    },
                    {
                        "winners": 9,
                        "dividend": 25
                    },
                    {
                        "winners": 0,
                        "dividend": 1000000
                    },
                    {
                        "winners": 0,
                        "dividend": 100000
                    },
                    {
                        "winners": 1,
                        "dividend": 3000
                    },
                    {
                        "winners": 3,
                        "dividend": 500
                    },
                    {
                        "winners": 20,
                        "dividend": 100
                    },
                    {
                        "winners": 47,
                        "dividend": 25
                    },
                    {
                        "winners": 42,
                        "dividend": 25
                    },
                    {
                        "winners": 0,
                        "dividend": 500000
                    },
                    {
                        "winners": 0,
                        "dividend": 20000
                    },
                    {
                        "winners": 0,
                        "dividend": 1000
                    },
                    {
                        "winners": 9,
                        "dividend": 200
                    },
                    {
                        "winners": 31,
                        "dividend": 25
                    },
                    {
                        "winners": 32,
                        "dividend": 25
                    },
                    {
                        "winners": 0,
                        "dividend": 80000
                    },
                    {
                        "winners": 1,
                        "dividend": 3000
                    },
                    {
                        "winners": 2,
                        "dividend": 300
                    },
                    {
                        "winners": 28,
                        "dividend": 50
                    },
                    {
                        "winners": 94,
                        "dividend": 25
                    },
                    {
                        "winners": 0,
                        "dividend": 50000
                    },
                    {
                        "winners": 53,
                        "dividend": 1200
                    },
                    {
                        "winners": 377,
                        "dividend": 200
                    },
                    {
                        "winners": 1339,
                        "dividend": 25
                    },
                    {
                        "winners": 1,
                        "dividend": 10000
                    },
                    {
                        "winners": 67,
                        "dividend": 600
                    },
                    {
                        "winners": 337,
                        "dividend": 50
                    },
                    {
                        "winners": 21,
                        "dividend": 2000
                    },
                    {
                        "winners": 163,
                        "dividend": 150
                    },
                    {
                        "winners": 528,
                        "dividend": 25
                    },
                    {
                        "winners": 168,
                        "dividend": 1000
                    },
                    {
                        "winners": 1001,
                        "dividend": 50
                    },
                    {
                        "winners": 24,
                        "dividend": 150
                    },
                    {
                        "winners": 139,
                        "dividend": 25
                    },
                    {
                        "winners": 224,
                        "dividend": 75
                    }
                ]
            },
            {
                "winNoOnly": true,
                "drawTerm": 113009415,
                "dDate": "2024-02-16T00:00:00",
                "bigShowOrder": [
                    "13",
                    "16",
                    "19",
                    "25",
                    "33",
                    "35",
                    "36",
                    "37",
                    "38",
                    "39",
                    "40",
                    "43",
                    "51",
                    "54",
                    "57",
                    "65",
                    "67",
                    "69",
                    "71",
                    "74"
                ],
                "openShowOrder": [
                    "16",
                    "65",
                    "19",
                    "36",
                    "71",
                    "37",
                    "67",
                    "33",
                    "38",
                    "51",
                    "35",
                    "13",
                    "54",
                    "25",
                    "40",
                    "57",
                    "43",
                    "39",
                    "69",
                    "74"
                ],
                "bullEyeTop": "74",
                "highLowTop": "－",
                "oddEvenTop": "單",
                "sellAmount": 691325,
                "totalWinners": 3944,
                "totalAmount": 1611850,
                "oddEven": "單",
                "oddEvenWinners": 417,
                "oddEvenDividend": 175,
                "highLow": "－",
                "highLowWinners": 0,
                "highLowDividend": 175,
                "bullEye": "74",
                "bullEyeWinners": 12,
                "bullEyeDividend": 1200,
                "category": 0,
                "starDetails": [
                    {
                        "winners": 0,
                        "dividend": 5000000
                    },
                    {
                        "winners": 0,
                        "dividend": 250000
                    },
                    {
                        "winners": 0,
                        "dividend": 25000
                    },
                    {
                        "winners": 1,
                        "dividend": 2500
                    },
                    {
                        "winners": 4,
                        "dividend": 250
                    },
                    {
                        "winners": 15,
                        "dividend": 25
                    },
                    {
                        "winners": 17,
                        "dividend": 25
                    },
                    {
                        "winners": 0,
                        "dividend": 1000000
                    },
                    {
                        "winners": 0,
                        "dividend": 100000
                    },
                    {
                        "winners": 2,
                        "dividend": 3000
                    },
                    {
                        "winners": 2,
                        "dividend": 500
                    },
                    {
                        "winners": 15,
                        "dividend": 100
                    },
                    {
                        "winners": 29,
                        "dividend": 25
                    },
                    {
                        "winners": 38,
                        "dividend": 25
                    },
                    {
                        "winners": 0,
                        "dividend": 500000
                    },
                    {
                        "winners": 0,
                        "dividend": 20000
                    },
                    {
                        "winners": 1,
                        "dividend": 1000
                    },
                    {
                        "winners": 9,
                        "dividend": 200
                    },
                    {
                        "winners": 18,
                        "dividend": 25
                    },
                    {
                        "winners": 21,
                        "dividend": 25
                    },
                    {
                        "winners": 1,
                        "dividend": 80000
                    },
                    {
                        "winners": 2,
                        "dividend": 3000
                    },
                    {
                        "winners": 5,
                        "dividend": 300
                    },
                    {
                        "winners": 13,
                        "dividend": 50
                    },
                    {
                        "winners": 62,
                        "dividend": 25
                    },
                    {
                        "winners": 20,
                        "dividend": 50000
                    },
                    {
                        "winners": 76,
                        "dividend": 1200
                    },
                    {
                        "winners": 220,
                        "dividend": 200
                    },
                    {
                        "winners": 866,
                        "dividend": 25
                    },
                    {
                        "winners": 5,
                        "dividend": 10000
                    },
                    {
                        "winners": 30,
                        "dividend": 600
                    },
                    {
                        "winners": 216,
                        "dividend": 50
                    },
                    {
                        "winners": 11,
                        "dividend": 2000
                    },
                    {
                        "winners": 112,
                        "dividend": 150
                    },
                    {
                        "winners": 677,
                        "dividend": 25
                    },
                    {
                        "winners": 77,
                        "dividend": 1000
                    },
                    {
                        "winners": 696,
                        "dividend": 50
                    },
                    {
                        "winners": 12,
                        "dividend": 150
                    },
                    {
                        "winners": 132,
                        "dividend": 25
                    },
                    {
                        "winners": 110,
                        "dividend": 75
                    }
                ]
            },
            {
                "winNoOnly": true,
                "drawTerm": 113009414,
                "dDate": "2024-02-16T00:00:00",
                "bigShowOrder": [
                    "02",
                    "06",
                    "14",
                    "27",
                    "28",
                    "30",
                    "38",
                    "40",
                    "46",
                    "47",
                    "49",
                    "52",
                    "53",
                    "55",
                    "56",
                    "58",
                    "62",
                    "68",
                    "76",
                    "78"
                ],
                "openShowOrder": [
                    "55",
                    "28",
                    "49",
                    "38",
                    "62",
                    "53",
                    "06",
                    "76",
                    "58",
                    "40",
                    "14",
                    "78",
                    "30",
                    "52",
                    "46",
                    "56",
                    "68",
                    "02",
                    "27",
                    "47"
                ],
                "bullEyeTop": "47",
                "highLowTop": "－",
                "oddEvenTop": "雙",
                "sellAmount": 692400,
                "totalWinners": 4505,
                "totalAmount": 487450,
                "oddEven": "雙",
                "oddEvenWinners": 400,
                "oddEvenDividend": 175,
                "highLow": "－",
                "highLowWinners": 0,
                "highLowDividend": 175,
                "bullEye": "47",
                "bullEyeWinners": 11,
                "bullEyeDividend": 1200,
                "category": 0,
                "starDetails": [
                    {
                        "winners": 0,
                        "dividend": 5000000
                    },
                    {
                        "winners": 0,
                        "dividend": 250000
                    },
                    {
                        "winners": 0,
                        "dividend": 25000
                    },
                    {
                        "winners": 0,
                        "dividend": 2500
                    },
                    {
                        "winners": 4,
                        "dividend": 250
                    },
                    {
                        "winners": 17,
                        "dividend": 25
                    },
                    {
                        "winners": 8,
                        "dividend": 25
                    },
                    {
                        "winners": 0,
                        "dividend": 1000000
                    },
                    {
                        "winners": 0,
                        "dividend": 100000
                    },
                    {
                        "winners": 10,
                        "dividend": 3000
                    },
                    {
                        "winners": 1,
                        "dividend": 500
                    },
                    {
                        "winners": 21,
                        "dividend": 100
                    },
                    {
                        "winners": 48,
                        "dividend": 25
                    },
                    {
                        "winners": 31,
                        "dividend": 25
                    },
                    {
                        "winners": 0,
                        "dividend": 500000
                    },
                    {
                        "winners": 0,
                        "dividend": 20000
                    },
                    {
                        "winners": 1,
                        "dividend": 1000
                    },
                    {
                        "winners": 17,
                        "dividend": 200
                    },
                    {
                        "winners": 26,
                        "dividend": 25
                    },
                    {
                        "winners": 44,
                        "dividend": 25
                    },
                    {
                        "winners": 0,
                        "dividend": 80000
                    },
                    {
                        "winners": 0,
                        "dividend": 3000
                    },
                    {
                        "winners": 5,
                        "dividend": 300
                    },
                    {
                        "winners": 19,
                        "dividend": 50
                    },
                    {
                        "winners": 61,
                        "dividend": 25
                    },
                    {
                        "winners": 0,
                        "dividend": 50000
                    },
                    {
                        "winners": 32,
                        "dividend": 1200
                    },
                    {
                        "winners": 327,
                        "dividend": 200
                    },
                    {
                        "winners": 963,
                        "dividend": 25
                    },
                    {
                        "winners": 2,
                        "dividend": 10000
                    },
                    {
                        "winners": 40,
                        "dividend": 600
                    },
                    {
                        "winners": 248,
                        "dividend": 50
                    },
                    {
                        "winners": 11,
                        "dividend": 2000
                    },
                    {
                        "winners": 113,
                        "dividend": 150
                    },
                    {
                        "winners": 691,
                        "dividend": 25
                    },
                    {
                        "winners": 47,
                        "dividend": 1000
                    },
                    {
                        "winners": 934,
                        "dividend": 50
                    },
                    {
                        "winners": 12,
                        "dividend": 150
                    },
                    {
                        "winners": 103,
                        "dividend": 25
                    },
                    {
                        "winners": 258,
                        "dividend": 75
                    }
                ]
            },
            {
                "winNoOnly": true,
                "drawTerm": 113009413,
                "dDate": "2024-02-16T00:00:00",
                "bigShowOrder": [
                    "07",
                    "10",
                    "14",
                    "17",
                    "21",
                    "22",
                    "25",
                    "26",
                    "30",
                    "40",
                    "42",
                    "43",
                    "46",
                    "51",
                    "52",
                    "56",
                    "66",
                    "72",
                    "79",
                    "80"
                ],
                "openShowOrder": [
                    "26",
                    "43",
                    "30",
                    "17",
                    "80",
                    "21",
                    "52",
                    "72",
                    "25",
                    "42",
                    "66",
                    "46",
                    "07",
                    "40",
                    "14",
                    "51",
                    "22",
                    "10",
                    "56",
                    "79"
                ],
                "bullEyeTop": "79",
                "highLowTop": "－",
                "oddEvenTop": "雙",
                "sellAmount": 698675,
                "totalWinners": 4220,
                "totalAmount": 424800,
                "oddEven": "雙",
                "oddEvenWinners": 274,
                "oddEvenDividend": 175,
                "highLow": "－",
                "highLowWinners": 0,
                "highLowDividend": 175,
                "bullEye": "79",
                "bullEyeWinners": 6,
                "bullEyeDividend": 1200,
                "category": 0,
                "starDetails": [
                    {
                        "winners": 0,
                        "dividend": 5000000
                    },
                    {
                        "winners": 0,
                        "dividend": 250000
                    },
                    {
                        "winners": 0,
                        "dividend": 25000
                    },
                    {
                        "winners": 0,
                        "dividend": 2500
                    },
                    {
                        "winners": 2,
                        "dividend": 250
                    },
                    {
                        "winners": 12,
                        "dividend": 25
                    },
                    {
                        "winners": 17,
                        "dividend": 25
                    },
                    {
                        "winners": 0,
                        "dividend": 1000000
                    },
                    {
                        "winners": 0,
                        "dividend": 100000
                    },
                    {
                        "winners": 0,
                        "dividend": 3000
                    },
                    {
                        "winners": 1,
                        "dividend": 500
                    },
                    {
                        "winners": 8,
                        "dividend": 100
                    },
                    {
                        "winners": 30,
                        "dividend": 25
                    },
                    {
                        "winners": 24,
                        "dividend": 25
                    },
                    {
                        "winners": 0,
                        "dividend": 500000
                    },
                    {
                        "winners": 0,
                        "dividend": 20000
                    },
                    {
                        "winners": 0,
                        "dividend": 1000
                    },
                    {
                        "winners": 4,
                        "dividend": 200
                    },
                    {
                        "winners": 28,
                        "dividend": 25
                    },
                    {
                        "winners": 39,
                        "dividend": 25
                    },
                    {
                        "winners": 0,
                        "dividend": 80000
                    },
                    {
                        "winners": 0,
                        "dividend": 3000
                    },
                    {
                        "winners": 2,
                        "dividend": 300
                    },
                    {
                        "winners": 19,
                        "dividend": 50
                    },
                    {
                        "winners": 65,
                        "dividend": 25
                    },
                    {
                        "winners": 1,
                        "dividend": 50000
                    },
                    {
                        "winners": 10,
                        "dividend": 1200
                    },
                    {
                        "winners": 155,
                        "dividend": 200
                    },
                    {
                        "winners": 1093,
                        "dividend": 25
                    },
                    {
                        "winners": 1,
                        "dividend": 10000
                    },
                    {
                        "winners": 29,
                        "dividend": 600
                    },
                    {
                        "winners": 222,
                        "dividend": 50
                    },
                    {
                        "winners": 0,
                        "dividend": 2000
                    },
                    {
                        "winners": 87,
                        "dividend": 150
                    },
                    {
                        "winners": 585,
                        "dividend": 25
                    },
                    {
                        "winners": 105,
                        "dividend": 1000
                    },
                    {
                        "winners": 1197,
                        "dividend": 50
                    },
                    {
                        "winners": 5,
                        "dividend": 150
                    },
                    {
                        "winners": 138,
                        "dividend": 25
                    },
                    {
                        "winners": 61,
                        "dividend": 75
                    }
                ]
            },
            {
                "winNoOnly": true,
                "drawTerm": 113009412,
                "dDate": "2024-02-16T00:00:00",
                "bigShowOrder": [
                    "02",
                    "14",
                    "15",
                    "17",
                    "19",
                    "23",
                    "24",
                    "27",
                    "29",
                    "35",
                    "36",
                    "37",
                    "39",
                    "42",
                    "46",
                    "62",
                    "66",
                    "75",
                    "76",
                    "79"
                ],
                "openShowOrder": [
                    "42",
                    "19",
                    "17",
                    "24",
                    "76",
                    "79",
                    "15",
                    "75",
                    "27",
                    "62",
                    "02",
                    "35",
                    "66",
                    "29",
                    "39",
                    "14",
                    "46",
                    "37",
                    "36",
                    "23"
                ],
                "bullEyeTop": "23",
                "highLowTop": "小",
                "oddEvenTop": "－",
                "sellAmount": 815650,
                "totalWinners": 10634,
                "totalAmount": 1252025,
                "oddEven": "－",
                "oddEvenWinners": 0,
                "oddEvenDividend": 175,
                "highLow": "小",
                "highLowWinners": 4790,
                "highLowDividend": 175,
                "bullEye": "23",
                "bullEyeWinners": 4,
                "bullEyeDividend": 1200,
                "category": 0,
                "starDetails": [
                    {
                        "winners": 0,
                        "dividend": 5000000
                    },
                    {
                        "winners": 0,
                        "dividend": 250000
                    },
                    {
                        "winners": 0,
                        "dividend": 25000
                    },
                    {
                        "winners": 1,
                        "dividend": 2500
                    },
                    {
                        "winners": 3,
                        "dividend": 250
                    },
                    {
                        "winners": 22,
                        "dividend": 25
                    },
                    {
                        "winners": 21,
                        "dividend": 25
                    },
                    {
                        "winners": 0,
                        "dividend": 1000000
                    },
                    {
                        "winners": 0,
                        "dividend": 100000
                    },
                    {
                        "winners": 0,
                        "dividend": 3000
                    },
                    {
                        "winners": 3,
                        "dividend": 500
                    },
                    {
                        "winners": 23,
                        "dividend": 100
                    },
                    {
                        "winners": 36,
                        "dividend": 25
                    },
                    {
                        "winners": 40,
                        "dividend": 25
                    },
                    {
                        "winners": 0,
                        "dividend": 500000
                    },
                    {
                        "winners": 0,
                        "dividend": 20000
                    },
                    {
                        "winners": 0,
                        "dividend": 1000
                    },
                    {
                        "winners": 1,
                        "dividend": 200
                    },
                    {
                        "winners": 43,
                        "dividend": 25
                    },
                    {
                        "winners": 46,
                        "dividend": 25
                    },
                    {
                        "winners": 0,
                        "dividend": 80000
                    },
                    {
                        "winners": 0,
                        "dividend": 3000
                    },
                    {
                        "winners": 1,
                        "dividend": 300
                    },
                    {
                        "winners": 33,
                        "dividend": 50
                    },
                    {
                        "winners": 79,
                        "dividend": 25
                    },
                    {
                        "winners": 0,
                        "dividend": 50000
                    },
                    {
                        "winners": 22,
                        "dividend": 1200
                    },
                    {
                        "winners": 243,
                        "dividend": 200
                    },
                    {
                        "winners": 1195,
                        "dividend": 25
                    },
                    {
                        "winners": 1,
                        "dividend": 10000
                    },
                    {
                        "winners": 31,
                        "dividend": 600
                    },
                    {
                        "winners": 244,
                        "dividend": 50
                    },
                    {
                        "winners": 6,
                        "dividend": 2000
                    },
                    {
                        "winners": 93,
                        "dividend": 150
                    },
                    {
                        "winners": 671,
                        "dividend": 25
                    },
                    {
                        "winners": 93,
                        "dividend": 1000
                    },
                    {
                        "winners": 1017,
                        "dividend": 50
                    },
                    {
                        "winners": 42,
                        "dividend": 150
                    },
                    {
                        "winners": 1664,
                        "dividend": 25
                    },
                    {
                        "winners": 166,
                        "dividend": 75
                    }
                ]
            },
            {
                "winNoOnly": true,
                "drawTerm": 113009411,
                "dDate": "2024-02-16T00:00:00",
                "bigShowOrder": [
                    "18",
                    "21",
                    "22",
                    "29",
                    "30",
                    "32",
                    "36",
                    "40",
                    "44",
                    "45",
                    "50",
                    "53",
                    "54",
                    "55",
                    "64",
                    "65",
                    "67",
                    "70",
                    "75",
                    "80"
                ],
                "openShowOrder": [
                    "55",
                    "53",
                    "64",
                    "29",
                    "30",
                    "18",
                    "54",
                    "45",
                    "67",
                    "22",
                    "32",
                    "44",
                    "21",
                    "70",
                    "65",
                    "40",
                    "80",
                    "75",
                    "50",
                    "36"
                ],
                "bullEyeTop": "36",
                "highLowTop": "－",
                "oddEvenTop": "－",
                "sellAmount": 744825,
                "totalWinners": 3586,
                "totalAmount": 338325,
                "oddEven": "－",
                "oddEvenWinners": 0,
                "oddEvenDividend": 175,
                "highLow": "－",
                "highLowWinners": 0,
                "highLowDividend": 175,
                "bullEye": "36",
                "bullEyeWinners": 13,
                "bullEyeDividend": 1200,
                "category": 0,
                "starDetails": [
                    {
                        "winners": 0,
                        "dividend": 5000000
                    },
                    {
                        "winners": 0,
                        "dividend": 250000
                    },
                    {
                        "winners": 0,
                        "dividend": 25000
                    },
                    {
                        "winners": 1,
                        "dividend": 2500
                    },
                    {
                        "winners": 2,
                        "dividend": 250
                    },
                    {
                        "winners": 11,
                        "dividend": 25
                    },
                    {
                        "winners": 17,
                        "dividend": 25
                    },
                    {
                        "winners": 0,
                        "dividend": 1000000
                    },
                    {
                        "winners": 0,
                        "dividend": 100000
                    },
                    {
                        "winners": 0,
                        "dividend": 3000
                    },
                    {
                        "winners": 0,
                        "dividend": 500
                    },
                    {
                        "winners": 14,
                        "dividend": 100
                    },
                    {
                        "winners": 45,
                        "dividend": 25
                    },
                    {
                        "winners": 39,
                        "dividend": 25
                    },
                    {
                        "winners": 0,
                        "dividend": 500000
                    },
                    {
                        "winners": 0,
                        "dividend": 20000
                    },
                    {
                        "winners": 0,
                        "dividend": 1000
                    },
                    {
                        "winners": 10,
                        "dividend": 200
                    },
                    {
                        "winners": 24,
                        "dividend": 25
                    },
                    {
                        "winners": 37,
                        "dividend": 25
                    },
                    {
                        "winners": 0,
                        "dividend": 80000
                    },
                    {
                        "winners": 0,
                        "dividend": 3000
                    },
                    {
                        "winners": 3,
                        "dividend": 300
                    },
                    {
                        "winners": 19,
                        "dividend": 50
                    },
                    {
                        "winners": 77,
                        "dividend": 25
                    },
                    {
                        "winners": 0,
                        "dividend": 50000
                    },
                    {
                        "winners": 23,
                        "dividend": 1200
                    },
                    {
                        "winners": 204,
                        "dividend": 200
                    },
                    {
                        "winners": 947,
                        "dividend": 25
                    },
                    {
                        "winners": 2,
                        "dividend": 10000
                    },
                    {
                        "winners": 26,
                        "dividend": 600
                    },
                    {
                        "winners": 249,
                        "dividend": 50
                    },
                    {
                        "winners": 6,
                        "dividend": 2000
                    },
                    {
                        "winners": 123,
                        "dividend": 150
                    },
                    {
                        "winners": 550,
                        "dividend": 25
                    },
                    {
                        "winners": 71,
                        "dividend": 1000
                    },
                    {
                        "winners": 884,
                        "dividend": 50
                    },
                    {
                        "winners": 1,
                        "dividend": 150
                    },
                    {
                        "winners": 111,
                        "dividend": 25
                    },
                    {
                        "winners": 77,
                        "dividend": 75
                    }
                ]
            },
            {
                "winNoOnly": true,
                "drawTerm": 113009410,
                "dDate": "2024-02-16T00:00:00",
                "bigShowOrder": [
                    "01",
                    "13",
                    "14",
                    "17",
                    "20",
                    "25",
                    "26",
                    "37",
                    "40",
                    "44",
                    "50",
                    "51",
                    "54",
                    "57",
                    "62",
                    "63",
                    "66",
                    "68",
                    "73",
                    "76"
                ],
                "openShowOrder": [
                    "14",
                    "73",
                    "44",
                    "01",
                    "62",
                    "13",
                    "76",
                    "26",
                    "66",
                    "54",
                    "50",
                    "40",
                    "25",
                    "17",
                    "20",
                    "51",
                    "57",
                    "63",
                    "37",
                    "68"
                ],
                "bullEyeTop": "68",
                "highLowTop": "－",
                "oddEvenTop": "－",
                "sellAmount": 747850,
                "totalWinners": 3633,
                "totalAmount": 271000,
                "oddEven": "－",
                "oddEvenWinners": 0,
                "oddEvenDividend": 175,
                "highLow": "－",
                "highLowWinners": 0,
                "highLowDividend": 175,
                "bullEye": "68",
                "bullEyeWinners": 10,
                "bullEyeDividend": 1200,
                "category": 0,
                "starDetails": [
                    {
                        "winners": 0,
                        "dividend": 5000000
                    },
                    {
                        "winners": 0,
                        "dividend": 250000
                    },
                    {
                        "winners": 0,
                        "dividend": 25000
                    },
                    {
                        "winners": 0,
                        "dividend": 2500
                    },
                    {
                        "winners": 0,
                        "dividend": 250
                    },
                    {
                        "winners": 18,
                        "dividend": 25
                    },
                    {
                        "winners": 11,
                        "dividend": 25
                    },
                    {
                        "winners": 0,
                        "dividend": 1000000
                    },
                    {
                        "winners": 0,
                        "dividend": 100000
                    },
                    {
                        "winners": 0,
                        "dividend": 3000
                    },
                    {
                        "winners": 0,
                        "dividend": 500
                    },
                    {
                        "winners": 7,
                        "dividend": 100
                    },
                    {
                        "winners": 38,
                        "dividend": 25
                    },
                    {
                        "winners": 23,
                        "dividend": 25
                    },
                    {
                        "winners": 0,
                        "dividend": 500000
                    },
                    {
                        "winners": 0,
                        "dividend": 20000
                    },
                    {
                        "winners": 1,
                        "dividend": 1000
                    },
                    {
                        "winners": 2,
                        "dividend": 200
                    },
                    {
                        "winners": 24,
                        "dividend": 25
                    },
                    {
                        "winners": 23,
                        "dividend": 25
                    },
                    {
                        "winners": 0,
                        "dividend": 80000
                    },
                    {
                        "winners": 0,
                        "dividend": 3000
                    },
                    {
                        "winners": 1,
                        "dividend": 300
                    },
                    {
                        "winners": 7,
                        "dividend": 50
                    },
                    {
                        "winners": 89,
                        "dividend": 25
                    },
                    {
                        "winners": 0,
                        "dividend": 50000
                    },
                    {
                        "winners": 8,
                        "dividend": 1200
                    },
                    {
                        "winners": 147,
                        "dividend": 200
                    },
                    {
                        "winners": 894,
                        "dividend": 25
                    },
                    {
                        "winners": 1,
                        "dividend": 10000
                    },
                    {
                        "winners": 38,
                        "dividend": 600
                    },
                    {
                        "winners": 212,
                        "dividend": 50
                    },
                    {
                        "winners": 6,
                        "dividend": 2000
                    },
                    {
                        "winners": 122,
                        "dividend": 150
                    },
                    {
                        "winners": 686,
                        "dividend": 25
                    },
                    {
                        "winners": 36,
                        "dividend": 1000
                    },
                    {
                        "winners": 1016,
                        "dividend": 50
                    },
                    {
                        "winners": 1,
                        "dividend": 150
                    },
                    {
                        "winners": 89,
                        "dividend": 25
                    },
                    {
                        "winners": 123,
                        "dividend": 75
                    }
                ]
            }
        ]
    }
}